{
  "data": [
    {
      "id": "8f9f00d0-acce-4eda-9b31-2251ab393846",
      "title": "At this time, there is no evidence that animals play a significant role in spreading the virus that causes COVID-19.",
      "timestamp": 1578454302
    },
    {
      "id": "26fabd5b-d21e-405e-a624-e03a21b8d5ef",
      "title": "Puppy vaccination schedule.",
      "timestamp": 1579263010
    },
    {
      "id": "451bf2da-9af4-417b-bc5f-bb14bcdbdfc8",
      "title": "Tips for feeding your puppy.",
      "timestamp": 1579724882
    },
    {
      "id": "a20e3370-52df-4631-8028-b1ba2ede2257",
      "title": "Neutering your dog.",
      "timestamp": 1580165061
    },
    {
      "id": "c8b770ed-997d-45ba-89a2-d10e9951e0d2",
      "title": "Puppy potty training.",
      "timestamp": 1580240625
    },
    {
      "id": "35b7d3a9-0e47-40ab-aeed-b223ad6a8afa",
      "title": "Maria's salon for pups offers 50% on pup shampoo.",
      "timestamp": 1581686667
    },
    {
      "id": "e3ffea9c-5025-4d48-a451-e78cbbb37f79",
      "title": "Tips to wash your puppy.",
      "timestamp": 1581921237
    },
    {
      "id": "52048c22-d270-4224-9f01-dc70d32c4fb1",
      "title": "Dogs are being taught to smell coronavirus in patients.",
      "timestamp": 1582278201
    },
    {
      "id": "b7fc7f33-b777-4ec2-89ef-2339cbf662b5",
      "title": "Vaccinate your pup regularly.",
      "timestamp": 1583351796
    }
  ]
}
